ID,Erfassungsdatum,Besuch,Telefon,Mail,Passant/in,Mann,Frau,unter 55,über 55,über 80,selbst betroffen,Angehörige Nachbarn und andere,Institution,Vormittag,Nachmittag,länger als 20 Minuten,Bildung,Arbeit,Migrationshintergrund,Finanzen,Frauen Männer jung und alt,Gesundheit,Wohnen,Austausch und Freizeit,Migration und Integration,Notlagen,Allgemeine Hilfeleistungen,Recht,Flyer/Plakat/Presse,Internet,empfohlen Freunde Bekannte,empfohlen Institution,empfohlen Fachperson,War schon mal hier,Andere,11:00 - 11:30,11:30 - 12:00,12:00 - 13:00,13:00 - 14:00,14:00 - 15:00,15:00 - 16:00,16:00 - 17:00,17:00 - 18:00,Bearbeitet von,Andere Bem
83,2026-01-16 00:00:00,False,True,False,False,False,True,False,True,False,True,False,False,False,False,False,False,False,False,False,False,False,False,False,False,False,True,False,False,False,False,True,False,False,False,,True,False,False,False,False,False,False,Marco,
84,2026-01-16 00:00:00,False,True,False,False,False,True,False,False,False,True,False,False,False,False,False,False,False,True,True,False,False,False,False,False,False,True,False,False,False,False,False,False,True,False,,False,False,False,False,False,True,False,Hermelinda,
85,2026-01-16 00:00:00,True,False,False,False,False,True,True,False,False,True,False,False,False,False,False,False,True,False,False,False,False,False,False,False,False,False,True,False,True,False,False,False,False,False,,False,False,False,False,False,False,True,Hermelinda,
86,2026-01-16 00:00:00,False,True,False,False,False,True,False,False,False,False,True,False,False,False,False,False,False,False,True,False,False,False,False,False,False,True,True,True,False,False,False,False,False,False,,False,False,False,False,False,True,False,Hermelinda,
87,2026-01-19 00:00:00,True,False,False,False,False,True,True,False,False,True,False,False,False,False,False,True,False,True,False,False,False,False,False,False,False,False,False,False,False,False,False,False,False,True,,True,False,False,False,False,False,False,Marco,
88,2026-01-19 00:00:00,True,False,False,False,False,True,False,True,False,False,False,False,False,False,False,False,False,True,False,False,False,False,False,True,False,True,False,False,False,True,False,False,False,False,,True,False,False,False,False,False,False,Marco,
89,2026-01-19 00:00:00,False,True,False,False,False,True,False,False,False,True,False,False,False,False,False,False,True,True,False,False,True,False,False,False,False,False,False,False,False,False,False,False,False,False,,True,False,False,False,False,False,False,Antonina,
90,2026-01-19 00:00:00,False,True,False,False,True,False,True,False,False,True,False,False,False,False,False,False,False,True,False,False,False,False,False,False,False,True,False,False,False,True,False,False,False,False,,True,False,False,False,False,False,False,Hermelinda,
91,2026-01-19 00:00:00,True,False,False,False,False,True,False,True,False,True,False,False,False,False,False,False,False,True,False,False,False,False,False,False,False,True,False,False,False,False,True,False,False,False,,True,False,False,False,False,False,False,Antonina,
92,2026-01-19 00:00:00,False,False,True,False,False,True,False,True,False,True,False,False,False,False,False,False,True,False,False,False,False,False,False,False,False,True,False,False,False,False,False,False,False,True,,False,False,True,False,False,False,False,Marco,
93,2026-01-19 00:00:00,True,False,False,False,True,False,True,False,False,True,False,False,False,False,False,False,False,True,True,False,False,False,False,False,False,True,True,False,False,True,False,False,False,False,,False,False,False,True,False,False,False,Antonina,
94,2026-01-19 00:00:00,True,False,False,False,False,True,False,True,False,True,False,False,False,False,True,False,False,False,True,False,False,True,False,False,False,True,False,False,False,False,False,False,False,False,,False,False,False,False,True,False,False,Daniela,
95,2026-01-20 00:00:00,True,False,False,False,False,True,True,False,False,True,False,False,False,False,True,True,True,True,True,False,False,True,False,True,False,False,False,False,False,False,False,False,False,True,,True,False,False,False,False,False,False,Sophia,Zufall
96,2026-01-20 00:00:00,True,False,False,False,False,True,False,True,False,False,True,False,False,False,False,True,False,False,False,False,False,False,False,False,False,False,False,False,False,False,False,False,True,False,,True,False,False,False,False,False,False,Ursula von Gunten,
97,2026-01-20 00:00:00,False,True,False,False,True,False,True,False,False,True,False,False,False,False,False,False,False,False,True,False,False,False,False,False,False,True,False,False,False,False,False,False,True,False,,False,True,False,False,False,False,False,Renata,
98,2026-01-20 00:00:00,True,False,False,False,True,False,True,False,False,False,False,False,False,False,False,False,False,True,False,False,False,False,False,False,False,True,True,False,False,True,False,False,False,False,,False,True,False,False,False,False,False,Renata,
99,2026-01-20 00:00:00,True,False,False,False,True,False,True,False,False,False,False,False,False,False,False,False,False,True,False,False,False,False,False,False,False,True,True,False,False,False,True,False,False,False,,False,True,False,False,False,False,False,Renata,
100,2026-01-20 00:00:00,True,False,False,False,True,True,True,False,False,True,False,False,False,False,False,False,False,False,False,False,False,False,False,False,False,True,False,False,False,True,False,False,False,False,,False,False,False,True,False,False,False,Renata,
101,2026-01-20 00:00:00,True,False,False,False,False,True,True,False,False,True,False,False,False,False,False,False,False,False,False,True,True,False,False,False,False,False,True,False,False,False,False,False,True,False,,False,False,False,True,False,False,False,Felix,
102,2026-01-20 00:00:00,True,False,False,False,True,False,True,False,False,True,False,False,False,False,False,False,False,True,False,False,False,False,False,False,False,True,False,False,False,False,False,False,True,False,,False,False,False,True,False,False,False,Tosca,
103,2026-01-20 00:00:00,True,False,False,False,False,True,False,True,False,True,False,False,False,False,False,False,False,False,False,False,False,False,False,False,False,True,False,False,False,False,False,False,True,False,,False,False,False,True,False,False,False,Tosca,
104,2026-01-20 00:00:00,False,True,False,False,False,True,True,False,False,False,False,True,False,False,False,False,True,False,False,False,False,False,False,False,False,False,False,False,False,False,True,False,False,False,,False,False,False,True,False,False,False,Tosca,
105,2026-01-20 00:00:00,True,False,False,False,True,False,False,True,False,False,False,False,False,False,False,False,False,False,True,False,False,False,False,False,False,False,False,False,False,False,False,False,True,False,,False,False,False,False,False,False,True,Felix,
106,2026-01-21 00:00:00,False,False,False,True,True,False,True,False,False,False,False,False,False,False,False,False,False,False,False,False,False,False,False,False,False,False,False,False,False,False,False,False,False,False,,True,False,False,False,False,False,False,Falco,
107,2026-01-21 00:00:00,False,False,False,True,True,False,True,False,False,False,False,False,False,False,False,False,False,False,False,False,False,False,False,False,False,False,False,False,False,False,False,False,False,False,,True,False,False,False,False,False,False,Falco,
108,2026-01-21 00:00:00,False,True,False,False,False,True,True,False,False,True,False,False,False,False,False,False,False,False,False,False,False,False,False,False,False,True,False,False,True,False,False,False,False,False,,True,False,False,False,False,False,False,Falco,
109,2026-01-21 00:00:00,True,False,False,False,False,True,False,True,False,True,False,False,False,False,False,True,False,False,False,False,False,False,True,False,False,False,False,False,False,False,False,False,False,True,,False,False,False,True,False,False,False,Sophia,Tramwerbung
110,2026-01-21 00:00:00,False,True,False,False,False,False,False,False,True,True,True,False,False,False,True,False,False,False,True,False,False,True,False,True,False,False,False,False,False,False,True,False,False,False,,False,False,False,False,False,True,False,Angelika,
111,2026-01-21 00:00:00,True,False,False,False,False,True,False,True,False,True,False,False,False,False,False,True,False,False,False,False,False,False,False,False,False,False,False,False,False,False,False,False,True,False,,False,False,False,False,False,True,False,Silvie,
112,2026-01-21 00:00:00,False,True,False,False,True,False,False,True,False,True,False,False,False,False,True,False,False,False,True,False,False,False,False,False,False,False,False,False,False,False,True,False,False,False,,False,False,False,False,False,True,False,Silvie,
113,2026-01-21 00:00:00,True,False,False,False,False,True,False,True,False,True,False,False,False,False,False,False,True,False,False,False,False,False,False,False,False,False,False,False,False,False,False,False,False,False,,False,False,False,False,True,False,False,Silvie,
114,2026-01-21 00:00:00,True,False,False,False,False,True,False,True,False,True,False,False,False,False,False,True,False,False,False,False,False,False,False,False,False,False,False,False,False,False,True,False,False,False,,False,False,False,False,True,False,False,Angelika,
115,2026-01-21 00:00:00,True,False,False,False,False,True,False,True,False,True,False,False,False,False,True,False,False,False,True,False,False,False,False,False,False,False,False,False,False,False,True,False,False,False,,False,False,False,False,False,False,True,Angelika,
116,2026-01-21 00:00:00,False,False,False,True,False,True,False,True,False,False,False,False,False,False,False,False,False,False,False,False,False,False,False,False,False,False,False,False,False,False,False,False,False,False,,False,False,False,False,True,False,False,Silvie,
117,2026-01-22 00:00:00,True,False,False,True,False,True,True,False,False,False,False,False,False,False,False,False,False,False,False,False,False,False,False,False,False,False,False,False,False,False,False,False,False,False,,True,False,False,False,False,False,False,Pia,
118,2026-01-22 00:00:00,True,False,False,False,True,False,False,False,True,False,True,False,False,False,True,False,False,False,False,False,True,False,False,False,False,True,False,False,False,False,True,False,False,False,,True,False,False,False,False,False,False,Pia,
119,2026-01-22 00:00:00,False,False,False,False,True,False,True,False,False,False,False,False,False,False,False,False,False,True,False,False,False,False,False,False,False,True,True,False,False,False,False,False,False,False,,False,False,True,False,False,False,False,,
120,2026-01-22 00:00:00,False,False,False,True,True,False,False,False,False,False,False,False,False,False,False,False,False,False,False,False,False,False,False,False,False,False,False,False,False,False,False,False,False,False,,False,False,True,False,False,False,False,Pia,
121,2026-01-22 00:00:00,True,False,False,False,False,True,False,True,False,True,False,False,False,False,False,False,False,False,False,False,False,False,False,False,False,True,False,False,False,False,False,False,False,False,,False,False,False,False,False,False,False,Pia,
122,2026-01-22 00:00:00,True,False,False,False,False,True,False,True,False,True,True,False,False,False,False,False,True,False,False,False,True,False,False,False,False,False,False,False,True,False,False,False,False,False,,False,False,False,False,False,True,False,Nelly,
123,2026-01-22 00:00:00,True,False,False,False,False,True,False,True,False,False,True,False,False,False,False,False,False,False,True,False,False,False,False,False,False,False,False,False,True,False,False,False,False,False,,False,False,False,False,False,True,False,Sophia,
124,2026-01-23 00:00:00,False,True,False,False,False,True,False,False,False,False,False,False,False,False,False,True,False,True,False,False,False,False,False,False,False,True,False,False,False,False,False,False,True,False,,True,False,False,False,False,False,False,Hermelinda,
125,2026-01-23 00:00:00,True,False,False,False,True,False,True,False,False,True,False,False,False,False,True,True,True,True,False,False,False,False,False,False,False,True,False,False,False,False,True,False,False,False,,True,False,False,False,False,False,False,Hermelinda,GGG-Bibliothek
126,2026-01-23 00:00:00,True,False,False,False,False,True,False,True,False,False,True,False,False,False,False,True,False,True,False,False,False,False,False,False,False,True,False,False,True,False,False,False,False,False,,True,False,False,False,False,False,False,Hermelinda,
127,2026-01-23 00:00:00,True,False,False,False,True,False,True,False,False,True,False,False,False,False,False,False,True,True,True,False,False,False,False,False,False,True,False,False,True,False,False,False,False,False,,True,False,False,False,False,False,False,Hermelinda,
128,2026-01-23 00:00:00,False,False,True,False,False,True,False,False,False,True,False,False,False,False,False,False,False,True,True,False,False,False,False,False,False,True,False,False,True,False,False,False,False,False,,False,True,False,False,False,False,False,Hermelinda,
129,2026-01-23 00:00:00,True,False,False,False,True,False,True,False,False,True,False,False,False,False,False,False,True,False,False,False,False,False,False,False,False,True,False,False,True,False,False,False,False,False,,False,True,False,False,False,False,False,Hermelinda,
130,2026-01-23 00:00:00,True,False,False,False,False,True,True,False,False,True,False,False,False,False,False,False,True,True,False,False,False,False,False,False,False,False,False,False,False,False,False,False,True,False,,False,False,False,True,False,False,False,Marina,
131,2026-01-23 00:00:00,True,False,False,False,False,True,False,True,False,True,False,False,False,False,False,False,False,False,True,False,False,False,False,False,False,False,False,False,True,False,False,False,False,False,,False,False,False,False,False,True,False,Marina,
132,2026-01-23 00:00:00,False,True,False,False,False,True,True,False,False,False,True,False,False,False,False,False,False,False,False,False,False,False,False,False,False,True,False,False,True,False,False,False,False,False,,False,False,False,False,False,True,False,Marina,
133,2026-01-26 00:00:00,False,False,False,True,True,False,True,False,False,True,False,False,False,False,False,False,False,True,False,False,False,False,False,False,False,False,False,False,False,False,False,False,False,False,,True,False,False,False,False,False,False,Ursula von Gunten,
134,2026-01-26 00:00:00,False,True,False,False,False,True,True,False,False,False,True,False,False,False,False,False,False,True,False,False,False,False,False,False,False,True,False,False,False,False,False,False,False,False,,True,False,False,False,False,False,False,Ursula von Gunten,
135,2026-01-26 00:00:00,False,False,False,True,True,False,True,False,False,False,False,True,False,False,False,False,False,False,False,False,False,False,False,False,False,False,False,False,False,False,False,False,False,False,,True,False,False,False,False,False,False,Ursula von Gunten,
136,2026-01-26 00:00:00,True,False,False,False,True,False,True,False,False,True,False,False,False,False,False,False,False,True,False,False,False,False,False,False,False,True,False,False,False,False,False,False,False,False,,True,False,False,False,False,False,False,Ursula von Gunten,
137,2026-01-26 00:00:00,False,False,True,False,False,True,True,False,False,True,False,False,False,False,False,False,False,False,True,False,False,True,False,False,False,False,False,False,False,False,False,False,False,False,,True,False,False,False,False,False,False,Ursula von Gunten,
138,2026-01-26 00:00:00,True,False,False,False,True,False,True,False,False,True,False,False,False,False,False,False,True,True,False,False,False,False,False,False,False,True,False,False,False,False,False,False,False,False,,False,False,True,False,False,False,False,Antonina,
139,2026-01-26 00:00:00,True,False,False,False,False,True,False,True,False,True,False,False,False,False,False,False,False,False,False,False,False,False,True,False,False,False,False,False,False,False,False,False,False,False,,False,False,True,False,False,False,False,Antonina,
140,2026-01-26 00:00:00,False,False,False,True,False,False,False,False,False,False,False,False,False,False,False,False,False,False,False,False,False,False,False,False,False,False,False,False,False,False,False,False,False,False,,False,False,False,False,True,False,False,Daniela,
141,2026-01-26 00:00:00,True,False,False,False,False,True,True,False,False,True,False,False,False,False,False,False,False,False,False,True,False,False,True,False,False,False,False,False,False,False,False,False,False,False,,False,False,False,False,False,True,False,Daniela,
142,2026-01-27 00:00:00,False,True,False,False,False,True,False,True,False,True,False,False,False,False,False,False,False,False,False,False,True,False,False,False,False,False,False,False,True,False,False,False,False,False,,True,False,False,False,False,False,False,Falco,
143,2026-01-27 00:00:00,True,False,False,False,True,False,True,False,False,True,False,False,False,False,False,False,False,True,False,False,False,False,False,False,False,True,False,False,False,False,False,False,True,False,,True,False,False,False,False,False,False,Nelly,
144,2026-01-27 00:00:00,True,False,False,False,False,True,True,False,False,False,False,False,False,False,False,False,True,True,False,False,False,False,False,False,True,False,False,False,True,False,False,False,False,False,,True,False,False,False,False,False,False,Pia,
145,2026-01-27 00:00:00,False,True,False,False,False,True,False,True,False,True,True,False,False,False,False,False,False,False,True,False,False,False,False,False,False,False,False,False,False,False,False,False,False,False,,True,False,False,False,False,False,False,Pia,
146,2026-01-27 00:00:00,False,False,False,False,False,False,False,False,False,False,False,False,False,False,False,False,False,False,False,False,False,False,False,False,False,False,False,False,False,False,False,False,False,False,,True,False,False,False,False,False,False,,
147,2026-01-27 00:00:00,False,True,False,False,False,True,True,False,False,True,True,False,False,False,False,False,False,True,True,False,False,True,False,False,False,False,True,False,True,False,False,False,False,False,,False,False,True,False,False,False,False,Pia,
148,2026-01-27 00:00:00,False,False,False,True,False,False,False,False,False,False,False,False,False,False,False,False,False,False,False,False,False,False,False,False,False,False,False,False,False,False,False,False,False,False,,False,False,False,True,False,False,False,Nelly,
149,2026-01-27 00:00:00,True,False,False,False,False,True,False,True,False,False,True,False,False,False,True,False,False,False,False,False,False,True,False,False,False,True,False,False,False,False,False,False,True,False,,False,False,False,False,False,True,False,Falco,
150,2026-01-27 00:00:00,True,False,False,False,False,True,True,False,False,True,False,False,False,False,False,True,False,False,False,False,False,False,False,False,False,False,False,False,False,False,False,False,False,False,,False,False,False,False,False,True,False,Felix,
1,2026-01-05 00:00:00,False,False,False,False,False,False,False,False,False,False,False,False,False,False,False,False,False,False,False,False,False,False,False,False,False,False,False,False,False,False,False,False,False,False,,False,False,False,False,False,False,False,Felix,
2,2026-01-05 00:00:00,False,False,False,False,True,False,True,False,False,True,False,False,False,False,False,False,False,True,True,False,False,False,False,False,False,False,False,False,False,False,False,False,True,False,,True,False,False,False,False,False,False,Marco,
3,2026-01-05 00:00:00,True,False,False,False,False,True,False,True,False,False,False,False,False,False,False,False,False,False,True,False,False,False,False,False,False,False,False,False,False,False,False,False,True,False,,True,False,False,False,False,False,False,Marco,
4,2026-01-05 00:00:00,False,True,False,False,False,True,True,False,False,True,False,False,False,False,False,False,False,True,False,True,False,False,False,False,False,False,True,False,True,False,False,False,False,False,,True,False,False,False,False,False,False,Felix,
5,2026-01-05 00:00:00,False,False,True,False,False,True,True,False,False,True,False,False,False,False,False,False,False,True,True,True,False,True,False,False,True,False,False,False,True,False,False,False,False,False,,False,True,False,False,False,False,False,Felix,
6,2026-01-05 00:00:00,False,True,False,False,False,True,False,True,False,True,False,False,False,False,False,False,False,False,True,True,False,False,False,False,False,False,False,False,True,False,False,False,False,False,,False,True,False,False,False,False,False,Felix,
7,2026-01-05 00:00:00,False,True,False,False,True,False,True,False,False,False,False,False,False,False,False,False,False,True,True,False,False,False,False,False,False,False,False,False,True,False,False,False,False,False,,False,False,True,False,False,False,False,Felix,
8,2026-01-05 00:00:00,False,False,False,False,True,False,True,False,False,False,False,False,False,False,False,False,False,False,False,False,False,False,True,False,False,False,False,False,True,False,False,False,False,False,,False,False,False,True,False,False,False,Felix,
9,2026-01-05 00:00:00,False,True,False,False,False,True,True,False,False,True,False,False,False,False,False,False,False,False,False,False,False,False,False,False,False,False,True,False,True,False,False,False,False,False,,False,False,False,True,False,False,False,Felix,
10,2026-01-05 00:00:00,False,False,True,False,False,True,True,False,False,True,False,False,False,False,True,False,False,False,True,False,False,False,False,False,False,False,False,False,False,False,False,False,False,False,,False,False,False,False,True,False,False,Angelika,
11,2026-01-05 00:00:00,True,False,False,False,True,False,True,False,False,True,False,False,False,False,False,False,False,True,False,False,False,False,False,False,False,False,True,False,False,False,False,False,False,False,,False,False,False,True,False,False,False,Angelika,
12,2026-01-05 00:00:00,False,False,False,True,False,True,True,False,False,True,False,False,False,False,False,False,False,False,False,False,False,False,False,False,False,False,False,False,False,False,False,False,False,False,,False,False,False,False,True,False,False,Sophia,
13,2026-01-05 00:00:00,False,True,False,False,False,True,True,False,False,True,False,False,False,False,True,False,False,False,False,True,False,False,False,False,False,True,False,False,False,False,True,False,False,False,,False,False,False,False,False,False,True,Angelika,
14,2026-01-06 00:00:00,False,True,False,False,False,True,True,False,False,True,False,False,False,False,False,False,False,False,False,False,False,False,False,False,False,True,False,False,False,True,False,False,False,False,,True,False,False,False,False,False,False,Ursula von Gunten,
15,2026-01-06 00:00:00,False,True,False,False,False,True,True,False,False,True,False,False,False,False,False,False,False,False,False,False,False,False,False,False,False,True,True,False,False,False,False,False,True,False,,False,True,False,False,False,False,False,Renata,
16,2026-01-06 00:00:00,True,False,False,False,True,False,True,False,False,True,False,False,False,False,False,False,False,True,False,False,False,False,False,False,False,True,False,False,False,False,True,False,False,False,,False,True,False,False,False,False,False,Ursula von Gunten,
17,2026-01-06 00:00:00,False,False,False,True,False,False,False,False,False,False,False,False,False,False,False,False,False,False,False,False,False,False,False,False,False,False,False,False,False,False,False,False,False,False,,False,False,False,False,True,False,False,Daniela,
18,2026-01-06 00:00:00,False,True,False,False,False,True,False,True,False,True,False,False,False,False,False,False,True,False,True,False,False,False,False,False,False,True,False,False,False,False,False,False,False,False,,False,False,False,False,True,False,False,Daniela,
19,2026-01-06 00:00:00,False,False,True,False,False,True,False,False,False,True,False,False,False,False,True,False,True,False,False,False,False,False,False,False,False,True,False,False,False,False,False,False,False,False,,False,False,False,False,True,False,False,Falco,
20,2026-01-06 00:00:00,True,False,False,False,True,False,False,True,False,True,False,False,False,False,False,False,False,False,False,False,False,False,True,False,False,False,False,False,False,False,False,False,False,False,,False,False,False,False,True,False,False,Daniela,
21,2026-01-07 00:00:00,True,False,False,False,False,True,False,True,False,True,False,False,False,False,False,False,False,True,False,False,False,False,False,False,False,True,False,False,False,False,False,False,True,False,,True,False,False,False,False,False,False,Sophia,
22,2026-01-07 00:00:00,False,False,False,True,True,False,False,False,True,False,False,False,False,False,False,False,False,False,False,False,False,False,False,False,False,False,False,False,False,False,False,False,False,False,,True,False,False,False,False,False,False,Falco,
23,2026-01-07 00:00:00,True,False,False,False,False,True,False,True,False,True,False,False,False,False,False,False,False,True,True,False,False,False,False,False,False,False,False,False,False,False,False,False,True,False,,True,False,False,False,False,False,False,Falco,
24,2026-01-07 00:00:00,True,False,False,False,True,False,False,True,False,True,True,False,False,False,True,False,False,False,True,False,False,False,False,False,False,True,True,False,False,False,False,False,False,False,,False,False,True,False,False,False,False,Ursula Gross,
25,2026-01-07 00:00:00,True,False,False,False,True,False,False,True,False,True,False,False,False,False,False,False,False,False,False,False,False,False,False,False,False,True,False,False,False,False,False,False,False,False,,False,False,True,False,False,False,False,Sophia,
26,2026-01-07 00:00:00,False,False,False,True,False,False,False,False,False,False,False,False,False,False,False,False,False,False,False,False,False,False,False,False,False,False,False,False,False,False,False,False,False,False,,False,False,False,False,False,False,False,,
27,2026-01-07 00:00:00,False,False,False,True,False,False,False,False,False,False,False,False,False,False,False,False,False,False,False,False,False,False,False,False,False,False,False,False,False,False,False,False,False,False,,False,False,False,False,False,False,False,,
28,2026-01-07 00:00:00,False,True,False,False,False,True,True,False,False,True,False,False,False,False,True,False,False,False,False,False,False,True,False,False,False,True,False,False,False,False,True,False,False,False,,False,False,False,False,True,False,False,Silvie,
29,2026-01-07 00:00:00,True,False,False,False,False,True,True,False,False,True,False,False,False,False,True,True,True,False,False,False,False,False,False,False,False,False,True,False,False,False,False,False,True,False,,False,False,False,False,False,False,True,Silvie,
30,2026-01-07 00:00:00,False,True,False,False,False,True,True,False,False,True,False,False,False,False,False,False,False,False,False,False,False,False,False,False,False,False,True,False,True,False,False,False,False,False,,False,False,False,False,False,True,False,Silvie,
31,2026-01-07 00:00:00,True,False,False,False,True,False,True,False,False,True,False,False,False,False,False,False,False,True,False,False,False,False,False,False,False,True,False,True,False,False,False,False,False,False,,False,False,False,False,False,False,True,Silvie,
32,2026-01-08 00:00:00,False,False,False,True,False,False,False,False,False,False,False,False,False,False,False,False,False,False,False,False,False,False,False,False,False,False,False,False,False,False,False,False,False,False,,True,False,False,False,False,False,False,Sophia,
33,2026-01-08 00:00:00,False,True,False,False,False,True,False,True,False,False,False,False,False,False,False,False,False,False,True,False,False,False,False,False,False,True,False,True,False,False,False,False,False,False,,True,False,False,False,False,False,False,Nelly,
34,2026-01-08 00:00:00,False,True,False,False,False,True,True,False,False,True,False,False,False,False,False,False,False,False,False,False,False,False,False,False,False,True,True,False,False,False,False,True,False,False,,False,True,False,False,False,False,False,Chantal,
35,2026-01-08 00:00:00,True,False,False,False,True,False,True,False,False,True,False,False,False,False,False,False,False,False,False,False,False,False,False,False,False,True,False,False,False,False,False,False,False,False,,False,True,False,False,False,False,False,Chantal,
36,2026-01-08 00:00:00,True,False,False,False,False,True,False,False,False,True,False,False,False,False,False,False,False,False,True,False,False,False,False,False,False,False,False,False,False,False,False,False,False,False,,False,False,True,False,False,False,False,Chantal,
37,2026-01-08 00:00:00,False,True,False,False,False,True,False,False,True,True,False,False,False,False,True,False,False,False,False,False,True,False,True,False,False,False,False,False,False,False,False,False,False,False,,False,False,False,True,False,False,False,Chantal,
38,2026-01-08 00:00:00,False,False,False,False,False,False,False,False,False,False,False,False,False,False,False,False,False,False,False,False,False,False,False,False,False,False,False,False,False,False,False,False,False,False,,False,False,False,False,False,False,False,Pia,
39,2026-01-08 00:00:00,True,False,False,False,True,False,False,True,False,True,False,False,False,False,True,False,False,False,False,False,False,True,False,False,False,True,False,False,False,False,False,False,False,False,,False,False,False,True,False,False,False,Sophia,
40,2026-01-08 00:00:00,False,True,False,False,True,False,True,False,False,True,False,False,False,False,True,False,False,False,False,False,True,False,False,False,False,False,True,False,False,False,False,True,False,False,,False,False,False,True,False,False,False,Thomas,
41,2026-01-08 00:00:00,True,False,False,False,False,True,False,True,False,True,False,False,False,False,False,False,False,True,False,False,False,False,False,False,False,True,False,False,False,False,False,False,True,False,,False,False,False,False,True,False,False,Pia,
42,2026-01-09 00:00:00,True,False,False,False,False,True,False,True,False,True,False,False,False,False,False,False,False,False,True,False,False,False,False,False,False,True,False,False,False,False,False,False,True,False,,True,False,False,False,False,False,False,Hermelinda,
43,2026-01-09 00:00:00,True,False,False,False,False,True,True,False,False,True,False,False,False,False,False,False,True,True,False,False,False,False,False,False,False,True,False,False,True,False,False,False,False,False,,True,False,False,False,False,False,False,Hermelinda,
44,2026-01-09 00:00:00,True,False,False,False,True,False,False,True,False,True,False,False,False,False,False,False,False,True,False,False,False,False,False,False,False,True,False,True,False,False,False,False,False,False,,True,False,False,False,False,False,False,Hermelinda,
45,2026-01-09 00:00:00,False,True,False,False,False,True,False,False,False,True,False,False,False,False,False,False,False,True,True,False,False,False,False,False,False,True,False,False,True,False,False,False,False,False,,False,False,False,True,False,False,False,Hermelinda,
46,2026-01-09 00:00:00,True,False,False,False,False,True,False,False,True,True,False,False,False,False,True,False,False,False,False,False,True,False,True,False,False,False,False,False,False,False,False,False,True,False,,False,False,False,False,True,False,False,Milena,
47,2026-01-09 00:00:00,True,False,False,False,False,True,False,True,False,True,False,False,False,False,False,False,False,False,False,False,False,True,False,False,False,False,False,False,False,False,False,False,False,False,,False,False,False,False,True,False,False,Milena,
48,2026-01-12 00:00:00,False,True,False,False,False,True,False,False,True,True,False,False,False,False,False,False,False,False,False,False,False,False,False,False,False,True,False,False,False,False,False,False,True,False,,True,False,False,False,False,False,False,Marco,
49,2026-01-12 00:00:00,False,False,True,False,False,True,False,True,False,True,False,False,False,False,False,False,False,False,True,False,False,False,False,False,False,True,False,False,False,False,False,False,True,False,,False,False,True,False,False,False,False,Falco,
50,2026-01-12 00:00:00,False,True,False,False,False,True,True,False,False,True,False,False,False,False,False,False,False,False,False,False,False,False,False,False,False,True,False,False,False,False,False,False,False,False,,False,False,True,False,False,False,False,Falco,
51,2026-01-12 00:00:00,True,False,False,False,True,False,True,False,False,True,False,False,False,False,False,False,False,True,False,False,False,False,False,False,False,True,False,False,False,True,False,False,False,False,,False,False,True,False,False,False,False,Marco,
52,2026-01-12 00:00:00,True,False,False,False,False,True,False,True,False,True,False,False,False,False,False,False,False,False,False,False,False,False,False,False,False,True,False,False,False,False,False,False,True,False,,False,False,True,False,False,False,False,Marco,
53,2026-01-12 00:00:00,True,False,False,False,False,True,True,False,False,True,False,False,False,False,False,False,False,False,False,False,False,False,False,False,False,True,False,False,False,False,False,False,True,False,,False,False,False,True,False,False,False,Marco,
54,2026-01-12 00:00:00,False,True,False,False,False,True,False,False,False,False,True,False,False,False,True,False,False,False,False,False,False,True,False,False,False,False,False,False,True,False,False,False,False,False,,False,False,False,True,False,False,False,Hermelinda,
55,2026-01-12 00:00:00,False,True,False,False,True,False,False,False,False,True,False,False,False,False,False,False,False,False,False,False,False,False,False,False,False,True,False,False,False,False,False,False,True,False,,False,False,False,True,False,False,False,Thomas,
56,2026-01-12 00:00:00,False,True,False,False,False,True,False,False,False,True,False,False,False,False,False,False,False,False,False,False,False,False,False,False,False,True,False,False,True,False,False,False,False,False,,False,False,False,False,False,True,False,Hermelinda,
57,2026-01-12 00:00:00,True,False,False,False,False,True,True,False,False,True,False,False,False,False,True,False,False,True,True,False,False,True,False,False,False,False,False,True,False,False,False,False,False,False,,False,False,False,False,False,True,False,Thomas,
58,2026-01-13 00:00:00,False,False,False,True,False,True,False,True,False,False,False,False,False,False,False,False,False,False,False,False,False,False,False,False,False,False,False,False,False,False,False,False,False,False,,False,False,False,False,False,False,False,Pia,
59,2026-01-13 00:00:00,False,True,False,False,False,True,True,False,False,True,False,False,False,False,True,False,False,False,True,True,False,False,False,False,False,True,False,False,False,True,False,False,False,False,,False,False,True,False,False,False,False,Pia,
60,2026-01-13 00:00:00,False,True,False,False,True,False,True,False,False,True,False,False,False,False,False,False,False,False,True,False,False,False,False,False,False,True,False,False,False,False,False,False,True,False,,False,False,True,False,False,False,False,Falco,
61,2026-01-13 00:00:00,True,False,False,False,False,True,False,True,False,True,False,False,False,False,True,False,False,False,False,False,False,False,False,False,False,True,False,False,False,False,False,False,False,False,,False,False,False,False,False,True,False,Daniela,
62,2026-01-14 00:00:00,True,False,False,False,True,False,False,True,False,True,False,False,False,False,False,False,False,True,False,False,False,False,False,False,False,True,False,False,False,False,False,False,False,False,,True,False,False,False,False,False,False,Falco,
63,2026-01-14 00:00:00,True,False,False,False,False,True,False,True,False,True,False,False,False,False,False,False,False,False,False,False,False,False,False,False,False,True,False,False,False,False,False,False,True,False,,True,False,False,False,False,False,False,Ursula Gross,
64,2026-01-14 00:00:00,False,False,True,False,False,True,True,False,False,True,False,False,False,False,True,False,True,True,False,False,False,False,False,False,False,True,True,False,False,False,False,False,False,False,,False,True,False,False,False,False,False,Falco,
65,2026-01-14 00:00:00,False,False,False,True,True,False,False,True,False,False,False,False,False,False,False,False,False,False,False,False,False,False,False,False,False,False,False,False,False,False,False,False,False,False,,False,False,True,False,False,False,False,Ursula Gross,
66,2026-01-14 00:00:00,False,True,False,False,False,True,True,False,False,True,False,False,False,False,False,False,True,False,False,False,False,False,False,False,False,True,False,True,False,False,False,False,False,False,,False,False,True,False,False,False,False,Falco,
67,2026-01-14 00:00:00,False,False,True,False,False,True,True,False,False,False,True,False,False,False,True,False,False,False,False,False,False,False,False,False,False,True,False,False,False,False,False,False,False,False,,False,False,True,False,False,False,False,Falco,
68,2026-01-14 00:00:00,True,False,False,False,False,True,True,False,False,True,False,False,False,False,True,False,True,True,False,False,False,True,False,False,False,True,False,False,False,False,False,False,False,False,,False,False,True,False,False,False,False,Ursula Gross,
69,2026-01-14 00:00:00,False,False,False,True,True,False,False,True,False,False,False,False,False,False,False,False,False,False,False,False,False,False,False,False,False,False,False,False,False,False,False,False,False,False,,False,False,False,False,True,False,False,Falco,
70,2026-01-14 00:00:00,True,False,False,False,False,True,False,True,False,True,False,False,False,False,False,False,False,False,False,False,False,False,False,False,False,True,True,False,False,False,False,False,True,False,,False,False,False,False,True,False,False,Silvie,
71,2026-01-15 00:00:00,True,False,False,False,True,False,True,False,False,True,False,False,False,False,False,False,False,True,False,False,False,False,False,False,False,True,False,False,True,False,False,False,False,False,,True,False,False,False,False,False,False,Falco,
72,2026-01-15 00:00:00,True,False,False,False,False,True,False,True,False,True,False,False,False,False,False,False,True,False,False,False,False,False,False,False,False,False,False,False,True,False,False,False,False,False,,False,False,True,False,False,False,False,Nelly,
73,2026-01-15 00:00:00,True,False,False,False,True,True,True,False,False,True,False,False,False,False,False,False,False,True,False,False,False,False,False,True,False,False,False,False,True,False,False,False,False,False,,False,False,True,False,False,False,False,Nelly,
74,2026-01-15 00:00:00,True,False,False,False,False,True,False,True,False,True,False,False,False,False,False,False,False,False,False,False,True,False,False,False,False,True,False,False,False,False,False,False,True,False,,False,False,False,True,False,False,False,Nelly,
75,2026-01-15 00:00:00,True,False,False,False,False,True,False,True,False,True,True,False,False,False,False,False,False,False,False,False,True,False,False,False,False,False,False,False,True,False,False,False,False,False,,False,False,False,True,False,False,False,Falco,
76,2026-01-15 00:00:00,False,True,False,False,False,True,True,False,False,True,False,False,False,False,False,False,False,False,False,False,False,True,False,False,False,True,False,True,False,False,False,False,False,False,,False,False,False,False,True,False,False,Falco,
77,2026-01-15 00:00:00,False,False,False,True,False,True,True,False,False,False,False,False,False,False,False,False,False,False,False,False,False,False,False,False,False,False,False,False,False,False,False,False,False,False,,False,False,False,False,True,False,False,Falco,
78,2026-01-16 00:00:00,True,False,False,False,False,True,False,True,False,True,False,False,False,False,False,False,False,False,False,False,False,False,False,False,False,True,False,False,False,False,False,False,True,False,,True,False,False,False,False,False,False,Marina,
79,2026-01-16 00:00:00,False,False,False,False,False,True,True,False,False,True,False,False,False,False,True,False,False,False,False,False,False,False,False,False,False,True,False,False,True,False,False,False,False,False,,False,True,False,False,False,False,False,Marina,
80,2026-01-16 00:00:00,True,False,False,False,False,True,True,False,False,True,False,False,False,False,True,False,False,False,False,False,False,False,False,False,False,True,False,False,True,False,False,False,False,False,,False,True,False,False,False,False,False,Marina,
81,2026-01-16 00:00:00,False,True,False,False,True,False,True,False,False,True,False,False,False,False,False,False,False,True,False,False,False,False,False,False,False,True,False,False,False,False,False,False,False,False,,False,False,True,False,False,False,False,Marina,
82,2026-01-16 00:00:00,False,True,False,False,False,True,False,True,False,False,True,False,False,False,False,False,False,False,False,False,False,False,False,False,True,False,False,False,True,False,False,False,False,False,,False,False,False,True,False,False,False,Marina,